Gu,ID,Station,Address,Latitude,Longitude,Date,No_of_Racks
마포구,101,101. (구)합정동 주민센터,서울특별시 마포구 동교로8길 58,37.549561,126.905754,2015-09-06 23:40,5
마포구,102,102. 망원역 1번출구 앞,서울특별시 마포구 월드컵로 72,37.555649,126.910629,2015-09-06 23:42,20
마포구,103,103. 망원역 2번출구 앞,서울특별시 마포구 월드컵로 79,37.554951,126.910835,2015-09-06 23:43,14
마포구,104,104. 합정역 1번출구 앞,서울특별시 마포구 양화로 59,37.550629,126.914986,2015-09-06 23:44,13
마포구,105,105. 합정역 5번출구 앞,서울특별시 마포구 양화로 48,37.550007,126.914825,2015-09-06 23:45,5
마포구,106,106. 합정역 7번출구 앞,서울특별시 마포구 독막로 4,37.548645,126.912827,2015-09-06 23:46,10
마포구,107,107. 신한은행 서교동금융센터점 앞,서울특별시 마포구 월드컵북로 35,37.55751,126.918503,2015-09-06 23:47,5
마포구,108,108. 서교동 사거리,서울특별시 마포구 양화로 93,37.552746,126.918617,2015-09-06 23:51,10
마포구,109,109. 제일빌딩 앞,서울특별시 마포구 어울마당로 26,37.547691,126.919983,2015-09-07 1:27,10
마포구,111,111. 상수역 2번출구 앞,서울특별시 마포구 와우산로 40,37.547871,126.923531,2015-09-07 1:30,10
마포구,112,112. 극동방송국 앞,서울특별시 마포구 와우산로 56,37.549202,126.923203,2015-09-07 1:31,10
마포구,113,113. 홍대입구역 2번출구 앞,서울특별시 마포구 양화로 165,37.557499,126.923805,2015-09-07 1:32,25
마포구,114,114. 홍대입구역 8번출구 앞,서울특별시 마포구 양화로18길 3,37.55706,126.924423,2015-09-07 1:33,15
마포구,118,118. 광흥창역 2번출구 앞,서울특별시 마포구 독막로 지하165,37.547733,126.931763,2015-09-07 1:33,10
마포구,119,119. 서강나루 공원,서울특별시 마포구 창전로 30,37.545284,126.931053,2015-09-07 1:34,10
마포구,120,120. 신수동 사거리,서울특별시 마포구 토정로 211,37.545242,126.934113,2015-09-07 1:34,5
마포구,121,121. 마포소방서 앞,서울특별시 마포구 창전로 76,37.549767,126.933174,2015-09-07 10:30,15
마포구,122,122. 신성기사식당 앞,서울특별시 마포구 독막로 223-1,37.547459,126.938377,2015-09-07 10:31,10
마포구,124,124. 서강대 정문 건너편,서울특별시 마포구 서강로16길 72,37.55114,126.936989,2015-09-07 10:33,20
마포구,125,125. 서강대 남문 옆,서울특별시 마포구 백범로 35,37.549484,126.93895,2015-09-07 10:34,15
마포구,126,126. 서강대 후문 옆,서울특별시 마포구 대흥로 122,37.550411,126.943848,2015-09-07 10:34,20
마포구,127,127. 현대벤처빌 앞,서울특별시 마포구 백범로 10,37.55352,126.936951,2015-09-07 10:35,15
마포구,129,129. 신촌역(2호선) 6번출구 옆,서울특별시 마포구 신촌로 106,37.555054,126.937569,2015-09-07 10:37,15
마포구,130,130. 신촌역(2호선) 7번출구 앞,서울특별시 마포구 신촌로 94,37.554859,126.936157,2015-09-07 10:37,10
마포구,136,136. 대흥동 주민센터,서울특별시 마포구 신촌로26길 10,37.556004,126.942299,2015-09-07 10:44,7
마포구,142,142. 아현역 4번출구 앞,서울특별시 마포구 아현동 329-15,37.557201,126.955666,2016-06-29 12:00,11
마포구,143,143. 공덕역 2번출구,서울특별시 마포구 공덕동 257-88,37.544579,126.950218,2016-06-29 12:00,9
마포구,144,144. 공덕역 8번출구,서울특별시 마포구 공덕동 438-5,37.543579,126.951324,2016-06-29 12:00,10
마포구,145,145. 공덕역 5번출구,서울특별시 마포구 공덕동 237-9,37.54425,126.951637,2016-06-29 12:00,9
마포구,146,146. 마포역 1번출구 뒤,서울특별시 마포구 도화동 555-2,37.539936,126.945824,2016-06-29 12:00,12
마포구,147,147. 마포역 4번출구 뒤,서울특별시 마포구 도화동 292-29,37.539272,126.945915,2016-06-29 12:00,7
마포구,148,148. 용강동 주민센터 앞,서울특별시 마포구 용강동 234-1,37.542347,126.943024,2016-06-29 12:00,11
마포구,150,150. 서강대역 2번출구 앞,서울특별시 마포구 노고산동 112-13,37.552956,126.934341,2016-06-29 12:00,15
마포구,151,151. 망원1동주민센터,서울특별시 마포구 망원동 403-2,37.555687,126.905548,2016-06-29 12:00,10
마포구,152,152. 마포구민체육센터 앞,서울특별시 마포구 망원동 452-4,37.55661,126.898018,2016-06-29 12:00,30
마포구,153,153. 성산2교 사거리,서울특별시 마포구 성산동 54-17,37.564697,126.912613,2016-06-29 12:00,10
마포구,154,154. 마포구청역,서울특별시 마포구 망원동 477-23,37.560909,126.905495,2016-06-29 12:00,13
마포구,155,155. 가좌역1 번출구 뒤,서울특별시 마포구 성산동123-29,37.56855,126.914513,2016-06-29 12:00,15
마포구,156,156. 서울서부지방법원 앞,서울특별시 마포구 공덕동 105-11,37.549904,126.955147,2016-06-29 12:00,10
마포구,157,157. 애오개역 4번출구 앞,서울특별시 마포구 아현동 607-1,37.553001,126.956688,2016-06-29 12:00,12
마포구,181,181. 망원초록길 입구,서울특별시 마포구 마포나루길 467,37.551342,126.902672,2016-07-06 12:00,15
마포구,182,182. 망원2빗물펌프장 앞,서울특별시?마포구?동교로?7,37.551567,126.902847,2016-07-06 12:00,10
마포구,183,183. 하늘채코오롱아파트 건너편,서울특별시 마포구 연남로 30,37.565166,126.919395,2016-07-06 12:00,15
마포구,184,184. SK망원동주유소 건너편,서울특별시 마포구 월드컵로 119?,37.558949,126.907753,2016-07-06 12:00,9
마포구,185,185. 마포 신수공원 앞,서울특별시 마포구 현석동 106-32,37.542545,126.934296,2016-07-06 12:00,15
마포구,186,186. 월드컵공원,서울특별시 마포구 하늘공원로 108-1,37.563965,126.898209,2016-07-06 12:00,40
마포구,199,199. 서울 월드컵 경기장,서울특별시 마포구 성산동 515,37.566845,126.896446,2016-09-02 11:00,30
영등포구,200,200. 국회의원회관,서울특별시 영등포구 의사당대로 1,37.528416,126.913918,2015-09-11 21:07,20
영등포구,201,201. 진미파라곤 앞,서울특별시 영등포구 국회대로76길 10,37.531239,126.921333,2015-09-11 21:17,15
영등포구,202,202. 국민일보 앞,서울특별시 영등포구 여의공원로 101,37.528816,126.92453,2015-09-11 21:20,30
영등포구,203,203. 국회의사당역 3번출구 옆,서울특별시 영등포구 국회대로 지하758,37.528057,126.918701,2015-09-17 15:07,15
영등포구,204,204. 국회의사당역 5번출구 옆,서울특별시 영등포구 의사당대로 8,37.528164,126.917023,2015-09-17 15:06,13
영등포구,205,205. 산업은행 앞,서울특별시 영등포구 의사당대로 97,37.526264,126.920509,2015-09-17 15:08,20
영등포구,206,206. KBS 앞,서울특별시 영등포구 여의공원로 13,37.524666,126.918022,2015-09-17 15:09,35
영등포구,207,207. 여의나루역 1번출구 앞,서울특별시 영등포구 여의동로 지하343,37.526989,126.932098,2015-09-17 15:33,40
영등포구,209,209. 유진투자증권빌딩 앞,서울특별시 영등포구 국제금융로 24,37.524612,126.927834,2015-09-17 15:10,12
영등포구,210,210. IFC몰,서울특별시 영등포구 국제금융로 10,37.526066,126.925537,2015-09-17 15:11,21
영등포구,211,211. 여의도역 4번출구 옆,서울특별시 영등포구 국회대로68길 7,37.522228,126.924637,2015-09-17 15:12,13
영등포구,212,212. 여의도역 1번출구 옆,서울특별시 영등포구 의사당대로 88,37.521362,126.923462,2015-09-17 15:12,35
영등포구,213,213. KT앞,서울특별시 영등포구 여의대로 38,37.521908,126.918953,2015-09-17 15:13,15
영등포구,214,214. 금융감독원 앞,서울특별시 영등포구 여의대로 38,37.523022,126.920837,2015-09-17 15:14,20
영등포구,215,215. 여의도고교 앞,서울특별시 영등포구 국제금융로7길 37,37.524837,126.934906,2015-09-17 15:18,10
영등포구,216,216. 삼부아파트1동 앞,서울특별시 영등포구 국제금융로7길 27,37.523491,126.932899,2015-09-17 15:19,10
영등포구,217,217. NH농협은행 앞,서울특별시 영등포구 국제금융로8길 2,37.522079,126.930367,2015-09-17 15:20,10
영등포구,218,218. 증권거래소 앞,서울특별시 영등포구 여의나루로 76,37.523277,126.929237,2015-09-17 15:15,20
영등포구,219,219. 롯데캐슬엠파이어 옆,서울특별시 영등포구 의사당대로 127,37.520695,126.925835,2015-09-17 15:17,12
영등포구,220,220. 미성아파트 A동 앞,서울특별시 영등포구 의사당대로 110,37.519363,126.926048,2015-09-17 15:18,30
영등포구,221,221. 여의도초교 앞,서울특별시 영등포구 여의대방로 439,37.522675,126.93779,2015-09-17 15:20,10
영등포구,222,222. 시범아파트버스정류장 옆,서울특별시 영등포구 63로 45,37.519436,126.937599,2015-09-17 15:21,12
영등포구,223,223. 진주아파트상가 앞,서울특별시 영등포구 국제금융로 108-6,37.519314,126.933167,2015-09-17 15:21,20
영등포구,224,224. 롯데캐슬 앞,서울특별시 영등포구 국제금융로 86,37.520088,126.932365,2015-09-17 15:22,20
영등포구,225,225. 앙카라공원 앞,서울특별시 영등포구 의사당대로 지하166,37.517368,126.929253,2015-09-17 15:23,26
영등포구,226,226. 샛강역 1번출구 앞,서울특별시 영등포구 의사당대로 지하166,37.517765,126.928413,2015-09-17 15:24,20
영등포구,227,227. 양평2나들목 보행통로 입구,서울특별시 영등포구 양화동 17-4,37.544666,126.888359,2016-06-29 12:00,10
영등포구,228,228. 선유도역 3번출구 앞,서울특별시 영등포구 양평동4가 202-1,37.53846,126.894508,2016-06-29 12:00,10
영등포구,229,229. 양평1 보행육교 앞,서울특별시 영등포구 양평동4가 20-4,37.535873,126.892181,2016-06-29 12:00,20
영등포구,230,230. 영등포구청역 1번출구,서울특별시 영등포구 당산로 111-2,37.524635,126.896217,2016-07-06 12:00,10
영등포구,231,231. 남부고용노동지청 남측,서울특별시 영등포구 양평동1가 115-2,37.524506,126.891823,2016-06-29 12:00,10
영등포구,232,232. 양평우림 이비즈센타 앞,서울특별시 영등포구 양평동3가 14-1,37.52565,126.887817,2016-06-29 12:00,20
영등포구,233,233. YP 센터 앞,서울특별시 영등포구 양평동3가 60-1,37.528488,126.891647,2016-06-29 12:00,10
영등포구,234,234. 영등포구민체육센터 앞,서울특별시 영등포구 신길동 399 ,37.500462,126.905846,2016-06-29 12:00,10
영등포구,235,235. 신길동 우리은행 옆,서울특별시 영등포구 신길동 250-4 ,37.504566,126.910233,2016-06-29 12:00,10
영등포구,236,236. 문래동자이아파트 앞,서울특별시 영등포구 문래동3가 68-1,37.516155,126.894615,2016-06-29 12:00,10
영등포구,237,237. 보라매 두산위브 건너편,서울특별시 영등포구 신길동 4490 ,37.496513,126.914803,2016-06-29 12:00,20
영등포구,238,238. 제2구민체육센타 앞,서울특별시 영등포구 당산동4가 96-2,37.526386,126.902756,2016-06-29 12:00,10
영등포구,239,239. 유스호스텔 앞,서울특별시 영등포구 영등포동7가 58-2,37.525852,126.903282,2016-06-29 12:00,20
영등포구,240,240. 문래역 4번출구 앞,서울특별시 영등포구 문래동3가 55-12 ,37.518738,126.895576,2016-06-29 12:00,10
영등포구,241,241. 신길우성1차아파트 앞 공원,서울특별시 영등포구 도림동 255-2 ,37.505329,126.898483,2016-06-29 12:00,10
영등포구,242,242. 신길선원가와인아파트 앞,서울특별시 영등포구 신길동 215-28 ,37.510933,126.910225,2016-06-29 12:00,15
영등포구,243,243. 이앤씨드림타워 앞,서울특별시 영등포구 양평동3가 48-1,37.527084,126.89138,2016-06-29 12:00,15
영등포구,244,244. 영등포삼환아파트 앞,서울특별시 영등포구 영등포동8가 82-4 ,37.530079,126.905708,2016-06-29 12:00,20
영등포구,245,245. 삼성생명 당산사옥 앞,서울특별시 영등포구 당산동4가 35-24 ,37.528263,126.896629,2016-06-29 12:00,10
영등포구,247,247. 당산역 10번출구 앞,서울특별시 영등포구 당산동5가 14-4,37.533688,126.902107,2016-06-29 12:00,15
영등포구,248,248. 초원아파트 앞,서울특별시 영등포구 여의도동8-13,37.531055,126.92421,2016-06-29 12:00,10
영등포구,249,249. 여의도중학교 옆,서울특별시 영등포구 여의도동 8,37.52412,126.936546,2016-06-29 12:00,8
영등포구,250,250. 대림아파트 사거리,서울특별시 영등포구 신길동 249,37.507641,126.92308,2016-06-29 12:00,10
영등포구,251,251. 서울지방병무청 버스정류장,서울특별시 영등포구 신길동853,37.504494,126.921951,2016-06-29 12:00,10
영등포구,252,252. 보라매역4번출구,서울특별시 영등포구 신길동4884,37.499828,126.919945,2016-06-29 12:00,10
영등포구,253,253. 신풍역 5번출구 인근,서울특별시 영등포구 신길동3596,37.500648,126.909515,2016-06-29 12:00,10
영등포구,254,254. 도림신협 앞,서울특별시 영등포구 신길동263-76,37.503803,126.903419,2016-06-29 12:00,10
영등포구,255,255. 도림4거리,서울특별시 영등포구 신길동373-1,37.506573,126.901131,2016-06-29 12:00,10
영등포구,256,256. 동아에코빌입구,서울특별시 영등포구 도림동 159-70,37.509476,126.8993,2016-06-29 12:00,10
영등포구,257,257. 신길삼거리(우리은행),서울특별시 영등포구 신길동95-256,37.513844,126.919357,2016-06-29 12:00,10
영등포구,258,258. 신길역3번출구,서울특별시 영등포구 영등포동1가35,37.517693,126.914299,2016-06-29 12:00,14
영등포구,259,259. 대방역6번출구,서울특별시 영등포구 신길동1368,37.513592,126.925934,2016-06-29 12:00,17
영등포구,260,260. 여의도 마리나선착장 앞,서울특별시 영등포구 여의서로 160,37.53368,126.912086,2016-07-06 12:00,15
영등포구,262,262. 영문초등학교 사거리,서울특별시 영등포구 문래로 56,37.519928,126.889183,2016-07-06 12:00,12
영등포구,263,263. 근로자회관 사거리,서울특별시 영등포구 선유로 34,37.517151,126.888626,2016-07-06 12:00,12
영등포구,264,264. 교보생명보험 앞,서울특별시 영등포구 영등포로 96,37.521931,126.891617,2016-07-06 12:00,15
영등포구,265,265. 영등포유통상가 사거리,서울특별시 영등포구 영등포로 124,37.521133,126.896538,2016-07-06 12:00,15
영등포구,266,266. 영등포청과시장 사거리,서울특별시 영등포구 영등포로 177,37.520294,126.901192,2016-07-06 12:00,10
영등포구,267,267. 삼성화재 사옥 옆,서울특별시 영등포구 양평로 76,37.535961,126.8983,2016-07-06 12:00,10
영등포구,268,268. 그랜드컨벤션센터 앞,서울특별시 영등포구 양평로 58,37.534718,126.900002,2016-07-06 12:00,6
영등포구,270,270. 증권거래소후문교차로,서울특별시 영등포구 여의나루로 76,37.522343,126.927101,2016-07-06 12:00,10
영등포구,271,271. 샛강생태공원방문자센터 앞,서울특별시 영등포구 여의동로 48,37.518963,126.921616,2016-07-06 12:00,10
영등포구,272,272. 당산육갑문,서울특별시 영등포구 당산로52길 3,37.535339,126.903679,2016-07-06 12:00,20
영등포구,274,274. 영등포역지하쇼핑센타 5번출구,서울특별시 영등포구 경인로 846,37.516651,126.90799,2017-11-28 11:52,10
영등포구,275,275. 신동아아파트,서울특별시 영등포구 선유서로 76,37.522816,126.885651,2017-11-28 11:53,10
영등포구,276,276. SK 영등포주유소,서울특별시 영등포구 경인로112길 1,37.518284,126.912636,2017-11-28 11:53,10
영등포구,277,277. 영등포뉴타운지하상가 2번게이트,서울특별시 영등포구 영중로 22,37.520119,126.905167,2017-11-28 11:54,10
영등포구,278,278. 쌍용플레티넘오피스텔,서울특별시 영등포구 도영로 18,37.507931,126.895233,2017-11-28 11:55,10
영등포구,279,279. 영등포 푸르지오 아파트,서울특별시 영등포구 도신로29길 28,37.513229,126.904465,2017-12-22 14:36,15
영등포구,280,양평동6차현대아파트 앞,양평동 3가 80-9,37.532101,126.89444,2018.09.28,10
영등포구,281,신동아아파트 앞,가마산로 311 앞 복개천 보도,37.498241,126.893982,2018.09.28,8
영등포구,282,신한은행,시흥대로 617,37.48753,126.904877,2018.09.28,10
영등포구,283,아크로타워 스퀘어(영등포시장),영등포구 영등포동7가 3-2,37.522518,126.907219,2018.09.28,15
영등포구,284,센트럴 푸르지오 시티 앞,문래로 180,37.518211,126.902229,2018.09.28,12
영등포구,285,대림3동사거리(하나은행),가마산로 343,37.499859,126.89724,2018.09.28,8
영등포구,286,우성아파트 교차로,대림로 153 ,37.494572,126.89975,2018.09.28,8
영등포구,287,영등포전화국사거리(서강어린이공원),영등포동8가 29-1,37.525768,126.905739,2018.09.28,10
영등포구,288,쌍용예가(구청별관),당산로31길 32 서측(구청별관 주변),37.528099,126.893387,2018.12.06,10
영등포구,289,대림3동사거리,가마산로 352 커피베이 앞,37.499809,126.898003,2018.11.21,10
영등포구,290,당산동 SK V1 빌딩,영등포구 당산동4가 89-1,37.531509,126.897827,2018.12.04,12
영등포구,291,문래동 하이테크 시티,영등포구 문래동3가 55-21,37.513851,126.89888,2018.11.21,14
영등포구,292,영일 어린이공원,영등포구 영등포동 647-3,37.51012,126.904068,2018.11.21,10
영등포구,293,충북 미래관,영등포구 당산동 121-258,37.529171,126.907578,2018.12.04,15
마포구,400,400. 상암한화오벨리스크 1차 앞,서울특별시 마포구 구룡길 19,37.587524,126.883003,2015-10-07 11:57,15
마포구,401,401. 상암월드컵파크 10단지 앞,서울특별시 마포구 월드컵북로 502-36,37.586189,126.881615,2015-10-07 11:14,15
마포구,402,402. 상암월드컵파크 9단지 앞,서울특별시 마포구 월드컵북로 501,37.582855,126.879822,2015-10-07 11:15,20
마포구,403,403. 부엉이공원 앞,서울특별시 마포구 가양대로 189,37.58559,126.884727,2015-10-07 11:35,20
마포구,405,405. DMC빌 앞,서울특별시 마포구 월드컵북로60길 13,37.582657,126.885788,2015-10-07 11:36,8
마포구,406,406. 상암월드컵파크 7단지 앞,서울특별시 마포구 상암산로1길 92,37.581314,126.880585,2015-10-07 11:37,15
마포구,407,407. 마포구 육아종합지원센터,서울특별시 마포구 상암산로1길 71,37.580631,126.883675,2015-10-07 11:38,8
마포구,408,408. LG CNS앞,서울특별시 마포구 월드컵북로 424,37.580811,126.88665,2015-10-07 11:39,20
마포구,409,409. 누리꿈스퀘어 옆,서울특별시 마포구 월드컵북로 396,37.579399,126.88916,2015-10-07 11:39,25
마포구,410,410. 상암중학교 옆,서울특별시 마포구 상암산로1길 26,37.577496,126.887772,2015-10-07 11:40,10
마포구,411,411. DMC홍보관,서울특별시 마포구 월드컵북로 366,37.577995,126.891472,2015-10-07 11:40,9
마포구,412,412. DMC산학협력연구센터 앞,서울특별시 마포구 매봉산로 37,37.575802,126.890739,2015-10-07 11:41,20
마포구,413,413. 상암월드컵파크 3단지 후문,서울특별시 마포구 매봉산로 8,37.571476,126.889687,2015-10-07 11:41,9
마포구,414,414. 상암동주민센터 옆,서울특별시 마포구 매봉산로2길 16,37.57822,126.89447,2015-10-07 11:42,8
마포구,415,415. DMC역 9번출구 앞,서울특별시 마포구 성암로 지하184,37.577469,126.897362,2015-10-07 11:43,10
마포구,416,416. 상암월드컵파크 1단지 교차로,서울특별시 마포구 월드컵북로 502-7,37.575665,126.894447,2015-10-07 11:44,12
마포구,417,417. DMC역 2번출구 옆,서울특별시 은평구 수색로 지하175,37.575069,126.899918,2015-10-07 11:42,20
마포구,418,418. 월드컵경기장역 3번출구 옆,서울특별시 마포구 월드컵로 지하240,37.570721,126.898979,2015-10-07 11:40,10
마포구,419,419. 홈플러스 앞,서울특별시 마포구 월드컵로 240,37.56842,126.899429,2015-10-07 11:40,21
마포구,420,420. 서울시 공공자전거 상암센터,서울특별시 마포구 월드컵북로47길 10,37.566246,126.896179,2015-10-07 11:39,40
마포구,421,421. 마포구청 앞,서울특별시 마포구 월드컵로 212,37.565903,126.901184,2015-10-07 11:37,8
마포구,422,422. 문화비축기지,서울특별시 마포구 증산로 87,37.569084,126.894424,2017-08-28 17:51,13
마포구,424,424. 롯데하이마트 (상암월드컵점) ,서울특별시 상암동 1715-29,37.57362,126.898048,2017-11-01 16:00,15
마포구,425,DMC 첨단산업센터,서울특별시 마포구 성암로330,37.584503,126.885597,2017-11-01 16:00,10
마포구,426,426. 서울신용보증재단,서울특별시 마포구 마포대로 163,37.549061,126.954178,2018.7.4개통,10
마포구,427,427. 성산시영아파트,서울특별시 마포구 월드컵북로 260,37.569584,126.903816,2018-02-26 11:34,10
마포구,432,마포중앙도서관,마포구 성산로 128,37.563339,126.908203,2018.10.12,10
마포구,436,이대역 5번출구,마포구 대흥동 2-1,37.556591,126.94619,2018.11.21,10
마포구,437,대흥역 1번출구,마포구 대흥동 105-4,37.54821,126.941383,2018.12.04,12
마포구,438,성산2-1 공영주차장,마포구 성산동 199-46,37.56472,126.906769,2018.11.22,15
마포구,439,마포어린이공원,마포구 마포동 364-4,37.535751,126.944038,2018.12.06,10
동대문구,600,600. 휘경2동 주민센터,서울특별시 동대문구 한천로 329,37.589912,127.06868,2016-06-29 12:00,10
동대문구,601,601. 용신동주민센터,서울특별시 동대문구 용두동 65-25,37.575947,127.037361,2016-06-29 12:00,10
동대문구,602,602. 장안동 사거리,서울특별시 동대문구 장한로 25길 2,37.572174,127.071388,2016-06-29 12:00,10
동대문구,604,604. 답십리초등학교 옆 공원,서울특별시 동대문구 전농로3길 23,37.569656,127.055962,2016-06-29 12:00,15
동대문구,605,605. 신설동역8번출구,서울특별시 동대문구 천호대로 26,37.5742,127.026497,2016-06-29 12:00,8
동대문구,606,606. 휘경공고앞,서울특별시 동대문구 겸재로 21,37.584625,127.07029,2016-06-29 12:00,15
동대문구,607,607. 신이문역 2번출구,서울특별시 동대문구 이문동186-1,37.602711,127.067863,2016-06-29 12:00,10
동대문구,608,608. 전농삼성아파트,서울특별시 동대문구 전농로 192,37.58131,127.055344,2016-06-29 12:00,10
동대문구,609,609. 제기2교,서울특별시 동대문구 제기동122-388,37.587791,127.037361,2016-06-29 12:00,20
동대문구,610,610. 동대문중 교차로,서울특별시 동대문구 답십리동 524-1,37.573086,127.052162,2016-06-29 12:00,10
동대문구,612,612. 시립동부병원 앞 사거리,서울특별시 동대문구 용두동 237-10 ,37.573666,127.030815,2016-06-29 12:00,20
동대문구,613,613. 신설동역 10번출구 앞,서울특별시 동대문구 신설동 92-34,37.575272,127.023468,2016-06-29 12:00,10
동대문구,614,614. 용두동 사거리,서울특별시 동대문구 용두동 237-10,37.577686,127.031013,2016-06-29 12:00,20
동대문구,615,615. 용두동 레미안허브리츠아파트 앞,서울특별시 동대문구 용두동 696-13 ,37.576382,127.03511,2016-06-29 12:00,20
동대문구,616,시립대 앞, 서울특별시 동대문구 전농동 135-5,37.582561,127.054367,2016-06-29 12:00,20
동대문구,617,617. 청솔우성아파트 앞,서울특별시 동대문구 답십리동 94-2 ,37.574203,127.057693,2016-06-29 12:00,20
동대문구,621,621. 동대문중학교 옆,서울특별시 동대문구 사가정로 62,37.574718,127.053391,2016-07-06 12:00,13
동대문구,622,622. 전농사거리 교통섬,서울특별시 동대문구 사가정로 119,37.577793,127.057831,2016-07-06 12:00,15
동대문구,623,623. 서울시립대 정문 앞,서울특별시 동대문구 서울시립대로 161,37.583698,127.053856,2016-07-06 12:00,20
동대문구,624,624. 전농동 동아아파트 앞,서울특별시 동대문구 서울시립대로 31,37.574188,127.045891,2016-07-06 12:00,10
동대문구,625,625. 답십리초등학교 앞(현대시장 옆),서울특별시 동대문구 전농로 34,37.568192,127.057175,2016-07-06 12:00,9
동대문구,626,626. 군자교 서측 녹지대,서울특별시 동대문구 장한로6길 95,37.561153,127.070969,2016-07-06 12:00,10
동대문구,627,627. 장안동삼거리 교통섬,서울특별시 동대문구 사가정로 240,37.578632,127.071907,2016-07-06 12:00,10
동대문구,628,628. 휘봉고등학교 앞,서울특별시 동대문구 한천로 290,37.586815,127.067543,2016-07-06 12:00,15
동대문구,630,630. 동대문구 보건소,서울특별시 동대문구 천호대로 145,37.574852,127.040306,2016-07-06 12:00,15
동대문구,631,631. 답십리역 1번출구,서울특별시 동대문구 천호대로 269,37.568184,127.051277,2016-07-06 12:00,15
동대문구,633,633. 청량리 기업은행 앞,서울특별시 동대문구 홍릉로 1,37.580406,127.044823,2016-07-06 12:00,8
동대문구,634,634. 외국어대 정문 앞,서울특별시 동대문구 이문로 107,37.59602,127.05983,2016-07-06 12:00,20
동대문구,635,635. 시조사 앞 (청량고정문 옆),서울특별시 동대문구 이문로1길 11,37.587517,127.052773,2016-07-06 12:00,12
동대문구,636,636. 세종대왕기념관 교차로,서울특별시 동대문구 회기로 56,37.5909,127.042587,2016-07-06 12:00,9
동대문구,637,637. KAIST 경영대학 앞,서울특별시 동대문구 회기로 85,37.591614,127.045792,2016-07-06 12:00,10
동대문구,638,638. 서울시립대 정보기술관,서울특별시 동대문구 한천로43길 12-14,37.583008,127.060974,2016-07-06 12:00,20
동대문구,639,639. 서울시립대 후문,서울특별시 동대문구 한천로43길 12-14,37.585197,127.060951,2016-07-06 12:00,14
동대문구,640,640. KEB하나은행 청량리역지점,서울특별시 동대문구 왕산로 205,37.582455,127.044495,2016-07-06 12:00,6
동대문구,641,641. 용두역 4번출구,서울특별시 동대문구 청계천로 563,37.573753,127.038536,2016-07-06 12:00,10
동대문구,642,642. 신답역 사거리,서울특별시 동대문구 천호대로 231,37.570156,127.048584,2016-07-06 12:00,7
동대문구,643,643. 동대문구민체육센터 (육교아래),서울특별시 동대문구 장안벚꽃로 77,37.566971,127.074417,2016-07-06 12:00,10
동대문구,646,646. 장한평역 1번출구 (국민은행앞),서울특별시 동대문구 천호대로 405,37.561867,127.064377,2017-11-28 11:35,10
동대문구,647,647. 신이문역 1번출구,서울특별시 동대문구 신이문로 44,37.602798,127.067268,2017-11-28 11:36,10
동대문구,648,장안동 위더스빌 옆,서울특별시 동대문구 한천로 42,37.5667,127.062424,2017-11-28 11:36,15
동대문구,650,650. 중랑교사거리,서울특별시 동대문구 망우로 131,37.591534,127.067741,2017-11-28 11:38,20
동대문구,651,651. 우리은행청량리지점앞,서울특별시 동대문구 왕산로 239,37.582748,127.048279,2017-11-28 11:39,10
동대문구,652,답십리 래미안엘파인아파트 입구,동대문구 전농동 6-6,37.57653,127.065941,2018.11.04,20
동대문구,654,654. 전농동 텃골공원,서울특별시 동대문구 사가정로 65,37.577621,127.052109,2017-11-28 11:39,10
동대문구,656,영휘원 교차로,동대문구 청량리동 199-232,37.587238,127.043137,2018.10.22,10
동대문구,657,동대문롯데캐슬아파트 앞,동대문구 답십리로23길 30(전농동 518),37.57576,127.04837,2018.10.22,13
동대문구,658,촬영소 사거리,동대문구 답십리로 233(답십리동 2-146),37.572948,127.066147,2018.10.22,10
동대문구,659,제기역1번출구,동대문구 용두동 237-10,37.57835,127.033386,2018.10.22,15
동대문구,660,동의보감타워,동대문구 왕산로 128,37.577999,127.037628,2018.10.22,10
동대문구,661,경희대학교 청운관,동대문구 경희대로 26,37.594601,127.051964,2018.08.30,10
동대문구,663,외대앞역 4번출구,동대문구 휘경동 146-42,37.594891,127.063026,2018.12.14,10
은평구,900,900. 은평예술회관,서울특별시 은평구 녹번동 85-4,37.603943,126.927696,2016-09-02 11:00,20
은평구,901,901. 응암1동사무소,서울특별시 은평구 응암동 84-14,37.600975,126.926956,2016-09-02 11:00,10
은평구,902,902. 진관동 은빛초등학교,서울특별시 은평구 진관동 45-21,37.643108,126.918221,2016-09-02 11:00,10
은평구,903,903. 은평뉴타운 아이파크,서울특별시 은평구 진관동 13-20,37.645866,126.927391,2016-09-02 11:00,20
은평구,904,904. 은평뉴타운 푸르지오,서울특별시 은평구 진관동 5-8,37.648674,126.930702,2016-09-02 11:00,18
은평구,905,905. 구파발역 2번출구,서울특별시 은평구 진관동 86-31,37.636234,126.918999,2016-09-02 11:00,11
은평구,906,906. 연신내역 5번출구150M 아래,서울특별시 은평구 대조동 207-8,37.61721,126.919579,2016-09-02 11:00,10
은평구,907,907. CJ 드림시티,서울특별시 은평구 역촌동 43-11,37.599491,126.916862,2016-09-02 11:00,10
은평구,908,908. 구산역 4번출구,서울특별시 은평구 갈현동 536-8,37.613186,126.917351,2016-09-02 11:00,10
은평구,909,909. 백련산 힐스테이트 3차,서울특별시 은평구 응암동 761-9,37.586994,126.922882,2016-09-02 11:00,10
은평구,911,911. 은평평화공원(역촌역4번출구),서울특별시 은평구 녹번동 153-31,37.605583,126.922935,2016-09-02 11:00,10
은평구,912,912. 응암오거리,서울특별시 은평구 응암동 604-5,37.589661,126.916946,2016-09-02 11:00,10
은평구,913,913. 이마트 은평점,서울특별시 은평구 응암동 90-15,37.6007,126.920128,2016-09-02 11:00,15
은평구,914,914. 새절역 2번출구,서울특별시 은평구 응암동 610-3,37.590797,126.913651,2016-09-02 11:00,20
은평구,915,915. 증산역 4번출구,서울특별시 은평구 증산동 199-8,37.584381,126.909897,2016-09-02 11:00,10
은평구,916,916. 평생학습관 앞,서울특별시 은평구 역촌동 15-40,37.607849,126.921326,2016-09-02 11:00,7
은평구,917,917. 녹번역 4번출구,서울특별시 은평구 녹번동 55,37.601299,126.935349,2016-09-02 11:00,9
은평구,919,919. 서울혁신파크,서울특별시 은평구 녹번동 15-2,37.607948,126.932503,2016-09-02 11:00,10
은평구,921,921. 신도고등학교,서울특별시 은평구 진관동 242-14,37.630016,126.919029,2016-09-02 11:00,10
은평구,922,922. 연신내역 4번출구,서울특별시 은평구 대조동 227-2,37.617802,126.921967,2016-09-02 11:00,10
은평구,923,923. 국민은행 연서지점,서울특별시 은평구 불광동 355,37.620949,126.925636,2016-09-02 11:00,10
은평구,924,924. 메뚜기다리,서울특별시 은평구 진관동 161-9,37.628517,126.929581,2016-09-02 11:00,15
은평구,925,925. 불광역 2번출구,서울특별시 은평구 불광동 285-43,37.609566,126.930977,2016-09-02 11:00,8
은평구,926,926. 불광역 8번출구,서울특별시 은평구 불광동 276-6,37.611179,126.929665,2016-09-02 11:00,8
은평구,927,927. 연신내역 3번출구 인근,서울특별시 은평구 불광동 304-5,37.617855,126.922523,2016-09-02 11:00,10
은평구,928,928. 은평역사한옥박물관,서울특별시 은평구 진관동 133-29,37.641315,126.938042,2016-09-02 11:00,15
은평구,930,930. 구 서부경찰서 건너편,서울특별시 은평구 역촌동 41-7,37.601662,126.920303,2016-09-02 11:00,7
은평구,931,931. 역촌파출소,서울특별시 은평구 역촌동 45-34,37.604736,126.915337,2016-09-02 11:00,20
은평구,932,932. 예일여중,서울특별시 은평구 연서로 117,37.610004,126.916397,2016-09-02 11:00,10
은평구,933,933. LG서비스 역촌점,서울특별시 은평구 서오릉로 163,37.612484,126.914879,2016-09-02 11:00,10
은평구,934,934. 신사동 성당,서울특별시 은평구 신사동 41-3,37.597141,126.909599,2017-11-01 16:00,15
은평구,935,935. 역촌역 1번 출구,서울특별시 은평구 역촌동 17-55,37.605202,126.922112,2017-11-01 16:00,7
은평구,937,937. 상림마을 롯데캐슬2단지 옆,서울특별시 은평구 진관동 30-23,37.645851,126.923798,2017-11-01 16:00,15
은평구,938,938. 금암 문화공원,서울특별시 진관동 44-28 ,37.644684,126.918457,2017-11-01 16:00,15
은평구,939,939. 은평구청 교차로,서울특별시 응암동 82-31,37.6017,126.927422,2017-11-01 16:00,15
은평구,941,941. 은평뉴타운 도서관,서울특별시 진관동 141-27,37.637222,126.933304,2017-11-01 16:00,13
은평구,942,942. 상림마을 생태공원,서울특별시 진관동 16-4,37.644081,126.929283,2017-11-01 16:00,9
은평구,943,943. 은평구청 보건소,서울특별시 녹번동 84,37.602402,126.92865,2017-11-01 16:00,10
은평구,945,945. 기자촌 사거리,서울특별시 은평구 진관동 149-17,37.63414,126.932343,2017-11-01 16:00,10
은평구,946,독바위역,서울특별시 은평구 불광로 129,37.618439,126.932884,2018. 5. 30 개통,10
은평구,947,947. 연신내 선일하이츠빌 정류소,서울특별시 불광동 484-165,37.622669,126.919991,2017-11-01 16:00,10
은평구,948,948. 디지털미디어 시티역 4번출구,서울특별시 증산동 239,37.577202,126.902351,2017-11-01 16:00,10
은평구,949,949. 연신내역 1번 출구 ,서울특별시 불광동 487-2,37.619781,126.920807,2017-11-01 16:00,7
은평구,950,950. 구산역 2번 출구 ,서울특별시 역촌동 1-57,37.610779,126.917351,2017-11-01 16:00,5
은평구,951,951. 연신내역 6번출구옆,서울특별시 갈현동 389-15 ,37.619305,126.920593,2017-11-01 16:00,15
은평구,952,952. 서울연신중학교,서울특별시 불광동 400-4번지,37.62265,126.925247,2017-11-01 16:00,10
은평구,953,953. 서울연신초등학교,서울특별시 불광동 73-1번지 ,37.625778,126.928818,2017-11-01 16:00,10
은평구,954,954. 은평뉴타운구파발9단지,서울특별시 은평구 진관3로 77,37.642609,126.921478,2017-11-28 12:00,10
은평구,956,956. 응암시장교차로,서울특별시 은평구 응암로 248,37.594376,126.918159,2017-11-28 12:01,9
은평구,958,신한은행 응암동 지점 앞,응암동 98-69,37.600361,126.922813,2018.10.16,13
은평구,959,구파발10단지 인근,진관동 72-23,37.643661,126.914558,2018.10.18,10
은평구,960,구파발역 환승센터,진관동 67-26,37.638252,126.919456,2018.10.18,15
은평구,961,불광역 9번 출구,불광동 281-109,37.61097,126.92981,2018.10.18,8
은평구,962,은평뉴타운 힐데스하임,진관동 70-4,37.639259,126.918907,2018.10.18,10
은평구,963,대호프라자아파트,은평구 불광동 242-61 ,37.614429,126.932579,2018.10.16,13
은평구,964,북한산힐스테이트 7차아파트,은평구 불광동 643-4,37.616112,126.925041,2018.10.16,10
은평구,965,서울특별시 은평병원,은평구 응암동 232-3,37.593479,126.923187,2018.10.16,10
은평구,966,서울혁신파크1, 은평구 녹번동 5,37.609032,126.934677,2018.08.28,10
은평구,967,서울혁신파크2,은평구 녹번동 5,37.60891,126.932419,2018.08.29,13
은평구,968,은평뉴타운 상림마을 13단지,은평구 진관4로 48-50,37.64209,126.929413,2018.10.18,7
은평구,969,은평 지웰테라스,은평구 진관4로 78-38,37.64386,126.931877,2018.12.14,9
은평구,971,역촌 센트레빌 아파트,은평구 역촌동 221,37.602329,126.906548,2018.12.14,10
서초구,2201,2201. 본마을 정류소 앞,서울특별시 서초구 본마을2길 2,37.453281,127.051483,2017-06-01 9:57,20
서초구,2202,2202.청계산입구역 1번출구,서울특별시 서초구 청계산로 지하 179,37.448936,127.054375,2017-06-01 10:03,20
서초구,2203,2203. 청계산입구역 2번출구,서울특별시 서초구 청계산로 지하 179,37.447659,127.055016,2017-06-27 15:24,20
서초구,2205,2205. 내곡3단지 어린이공원 앞,서울특별시 서초구 청계산로9길 76,37.453751,127.05938,2017-06-01 10:05,15
서초구,2206,2206. 언남초등학교 앞,서울특별시 서초구 헌릉로8길 42,37.454357,127.062103,2017-06-01 10:05,20
서초구,2207,2207. 내곡파출소 뒤 정자,서울특별시 서초구 헌릉로 226,37.454407,127.064926,2017-06-27 15:25,9
서초구,2210,2210. 반포1동 주민센터 앞,서울특별시 서초구 사평대로 지하 285,37.505096,127.013107,2017-06-01 10:06,15
서초구,2211,2211. 서초구립반포도서관 앞,서울특별시 서초구 고무래로 34,37.502636,127.012314,2017-06-27 15:27,10
서초구,2212,2212.서초현대4차아파트 201동 맞은편,서울특별시 서초구 고무래로 94,37.500961,127.017929,2017-06-01 10:16,20
서초구,2213,2213. 고속터미널역 5번출구 앞,서울특별시 서초구 신반포로 지하 188,37.502232,127.002258,2017-06-01 10:17,20
서초구,2214,2214. 신반포역 2번출구 앞,서울특별시 서초구 신반포로 지하 105,37.504116,126.99749,2017-06-01 10:19,15
서초구,2215,2215. 반포종합운동장 입구,서울특별시 서초구 신반포로16길 30,37.501713,126.995476,2017-06-27 15:27,10
서초구,2217,아크로리버뷰 부지 앞,서초구 잠원동 78,37.513046,127.005959,2017-06-01 10:20,20
서초구,2219,2219. 고속터미널역 8-1번 - 8-2번 출구 사이,서울특별시 서초구 신반포로 지하 188,37.506199,127.003944,2017-06-01 10:20,20
서초구,2220,2220. 반포본동 주민센터 앞,서울특별시 서초구 신반포로 10,37.500614,126.98616,2017-06-01 10:21,10
서초구,2221,2221.하나은행 방배동지점 앞,서울특별시 서초구 방배로 110,37.485611,126.994682,2017-06-01 10:22,15
서초구,2222,2222.사당역 12번출구 뒤,서울특별시 동작구 동작대로 지하 3,37.478069,126.982033,2017-06-01 10:23,10
서초구,2223,2223. 방배래미안 정문 앞,서울특별시 서초구 남부순환로 2183,37.47261,126.983009,2017-06-01 10:23,20
서초구,2225,2225.백석예술대학교 제3캠퍼스 앞,서울특별시 서초구 방배로9길 23,37.473759,126.995247,2017-06-01 10:24,15
서초구,2226,2226. 신동아럭스빌아파트 앞,서울특별시 서초구 방배로1길 9,37.475182,127.001389,2017-06-01 10:26,15
서초구,2227,2227.방배열린문화센터 앞,서울특별시 서초구 서초대로 지하 103,37.489052,126.992523,2017-06-01 10:26,15
서초구,2228,2228.뒷벌공원 옆,서울특별시 서초구 방배중앙로 131,37.489586,126.986725,2017-06-01 10:28,20
서초구,2229,2229.로고스교회 맞은 편,서울특별시 서초구 방배천로 126,37.487011,126.984962,2017-06-01 10:29,10
서초구,2230,2230.이수역 4번 출구,서울특별시 동작구 사당로 지하 310,37.485828,126.982628,2017-06-01 10:30,20
서초구,2231,2231. 삼성타운(삼성생명) A동 맞은편,서울특별시 서초구 서초대로 405,37.496914,127.024963,2017-06-01 10:32,15
서초구,2233,2233. 서초신동아1차아파트 옆,서울특별시 서초구 효령로36길 22,37.491112,127.022957,2017-06-01 10:34,20
서초구,2235,2235.KT 서초지사 앞,서울특별시 서초구 사평대로 73,37.482159,127.002701,2017-06-01 10:35,15
서초구,2237,2237.서울남부터미널 대합실 입구,서울특별시 서초구 서초중앙로 지하 31,37.484558,127.01487,2017-06-01 10:36,20
서초구,2239,2239.교대역 6번출구,서울특별시 서초구 서초대로 지하 294,37.494217,127.013786,2017-06-01 10:39,10
서초구,2241,2241.양재전화국 사거리,서울특별시 강남구 논현로 201,37.485378,127.041702,2017-06-01 10:40,10
서초구,2242,2242.양재역 11번 출구 앞,서울특별시 서초구 남부순환로 지하 2585,37.48399,127.03418,2017-06-01 10:41,20
서초구,2243,2243.서울가정법원,서울특별시 서초구 강남대로 193,37.481491,127.036728,2017-06-01 10:42,15
서초구,2244,2244.교육개발원입구 교차로,서울특별시 서초구 바우뫼로1길 35,37.477852,127.03891,2017-06-01 10:43,20
서초구,2245,2245.양재초등학교 맞은편,서울특별시 서초구 바우뫼로18길 14,37.473614,127.03051,2017-06-01 10:44,20
서초구,2246,2246. 서울시 품질시험소 앞,서울특별시 서초구 태봉로 131,37.4692,127.029007,2017-06-24 9:49,15
서초구,2247,2247.섬들근린공원,서울특별시 서초구 태봉로2길 24,37.462639,127.026619,2017-06-01 10:45,25
서초구,2248,2248. 서초리슈빌S 글로벌 앞,서울특별시 서초구 양재대로2길 8,37.459953,127.024742,2017-06-27 15:31,10
서초구,2249,2249. 우솔초등학교 맞은편,서울특별시 서초구 양재대로2길 74,37.456234,127.019348,2017-06-22 13:56,10
서초구,2250,2250. 서초유치원 맞은편,서울특별시 서초구 양재대로2길 74,37.455799,127.016289,2017-06-22 13:57,10
서초구,2251,2251. 더케이호텔 입구(양재2) ,서울특별시 서초구 바우뫼로12길 70,37.467506,127.034477,2017-06-13 9:35,10
서초구,2252,2252. 하이브랜드 앞,서울특별시 서초구 매헌로 16,37.463322,127.036041,2017-06-24 9:58,25
서초구,2255,2255.시민의숲역 1번출구 옆,서울특별시 서초구 매헌로 지하 116,37.47044,127.038857,2017-06-01 10:46,25
서초구,2256,2256.양재동 꽃시장 입구,서울특별시 서초구 강남대로 27,37.46769,127.040359,2017-06-01 10:48,10
서초구,2257,2257. 하나로클럽 양재점 맞은편,서울특별시 서초구 청계산로 10,37.462688,127.046112,2017-06-01 10:48,10
서초구,2258,2258.구룡사 삼거리,서울특별시 강남구 논현로2길 22,37.471539,127.050591,2017-06-01 10:50,20
서초구,2259,2259. 잠원역 3번-4번 출구사이 ,서울특별시 서초구 잠원로4길 지하 46,37.512989,127.011177,2017-06-13 9:27,15
서초구,2262,2262. 한신16차아파트 119동 앞,서울특별시 서초구 나루터로4길 60,37.516598,127.00959,2017-06-01 10:50,20
서초구,2263,2263. 바우뫼문화복지회관,서울특별시 서초구 바우뫼로 43,37.471928,127.02684,2017-06-22 13:52,20
서초구,2264,이수역 1번출구,서울특별시 서초구 동작대로 134,37.488556,126.982574,2017-06-22 13:52,9
서초구,2266,2266. 서초역 3번출구,서울특별시 서초동 1748-14,37.49054,127.008163,2017-11-01 16:00,15
서초구,2268,2268. 서초4동주민센터 ,서울특별시 서초동 1389,37.502319,127.02227,2017-11-01 16:00,10
서초구,2269,2269. 주홍교 하부,서울특별시 잠원동 91-29,37.510349,127.016052,2017-11-01 16:00,10
서초구,2270,서초포레스타 7단지,서울특별시 신원동 266,37.448967,127.057739,2017-11-01 16:00,10
서초구,2271,2271. 내방역 8번출구 앞,서울특별시 서초구 방배로 162,37.487865,126.994293,2017-11-01 16:00,8
서초구,2272,2272. 교대입구 교차로,서울특별시 서초동 1748-33,37.487309,127.010582,2017-11-01 16:00,10
서초구,2273,2273. 일동제약 사거리,서울특별시 양재동 67-12,37.477829,127.038269,2017-11-01 16:00,10
서초구,2274,2274. 양재시민의숲역 3번출구,서울특별시 양재동 316-11,37.46965,127.039612,2017-11-01 16:00,10
서초구,2275,2275. 염곡치안센터 건너편,서울특별시 염곡동 260-1,37.461578,127.048798,2017-11-01 16:00,10
서초구,2276,2276. 영동1교 (양재천근린공원),서울특별시 양재동 261-23,37.474388,127.038902,2017-11-01 16:00,15
서초구,2277,2277. 길마중4교 하부,서울특별시 잠원동 84-3,37.51487,127.015282,2017-11-01 16:00,10
서초구,2279,2279. 교대역 5번출구뒤,서울특별시 서초구 서초중앙로 130,37.493618,127.014183,2017-11-28 11:40,10
서초구,2280,서울서초고용센터 앞,서울특별시 서초구 반포대로 43,37.484161,127.010971,2018.9.20개통,10
서초구,2281,2281. 연세사랑병원신관앞,서울특별시 서초구 효령로 10,37.475979,126.986282,2017-11-28 11:43,7
서초구,2282,2282. 방배래미안아트힐 101동앞,서울특별시 서초구 남부순환로 2311-12,37.477203,127.005836,2017-11-28 11:44,15
서초구,2283,2283. 그룹한빌딩옆,서울특별시 서초구 서초대로 62,37.486526,126.989166,2017-11-28 11:45,10
서초구,2284,2284. CJ오쇼핑앞,서울특별시 서초구 과천대로 870-13,37.468102,126.986801,2017-11-28 11:45,10
서초구,2285,2285. LH서초3단지 301동 맞은편,서울특별시 서초구 양재대로2길 33,37.457424,127.022652,2017-11-28 11:46,15
서초구,2286,2286. 탑성마을입구,서울특별시 서초구 탑성말길 2,37.458549,127.055885,2017-11-28 11:47,10
서초구,2287,2287. 능안마을입구,서울특별시 서초구 능안말길 1-2,37.45562,127.067101,2017-11-28 11:48,10
서초구,2288,2288. 안골마을입구,서울특별시 서초구 안골2길 3,37.455608,127.064453,2017-11-28 11:48,10
서초구,2289,2289. 남태령역 2번출구,서울특별시 서초구 과천대로 810,37.464298,126.988525,2017-11-28 11:49,10
서초구,2290,2290. 서래마을파리15구공원앞,서울특별시 서초구 동광로39길 93,37.499413,126.999413,2017-11-28 11:50,10
서초구,2292,2292. 무지개아파트 앞,서울특별시 서초구 효령로 391,37.488243,127.027016,2017-12-22 14:41,15
서초구,2293,2293. SPC 앞,서울특별시 서초구 남부순환로 2620,37.484798,127.036995,2017-12-22 14:42,10
서초구,2294,2294. 두상빌딩 앞,서울특별시 서초구 언남길 87,37.475906,127.046242,2017-12-22 14:43,15
서초구,2297,2297. 남부터미널역 1번출구,서울특별시 서초구 서초중앙로 38,37.485672,127.015923,2018-02-26 11:43,10
서초구,2298,2298. 래미안서초스위트앞,서울특별시 서초구 서운로 221,37.502411,127.021606,2018-02-26 11:44,12
서초구,2299,한전아트센터 앞,서울특별시 서초구 효령로72길 60,37.486469,127.028061,2018.10.17개통,12
서초구,2501,서초 포레스타5단지,신원동 347-6,37.450661,127.05706,2018.09.03,10
서초구,2502,서초역1번출구 앞,서초동 1553-21,37.491951,127.008553,2018.10.02,9
서초구,2503,반포1동 서초빌딩 앞,반포동 749-35,37.503811,127.021362,2018.10.02,10
서초구,2504,신사역 4번출구 뒤,잠원동 88,37.515881,127.019302,2018.10.30,10
서초구,2505,우성아파트사거리B(기업은행앞),서초동 1374,37.493259,127.029533,2018.09.18,12
서초구,2506,LG유플러스(방배사옥),방배동 980-53,37.479092,126.990677,2018.09.18,10
서초구,2508,양재이스타빌 앞,양재동 4(양재동 3-14 앞),37.482979,127.042259,2018.09.18,10
서초구,2509,KT반포지사,서초구 반포동 128-13,37.498371,126.992462,2018.09.18,16
서초구,2510,JW타워,서초구 서초동 1748-45,37.48304,127.021461,2019.03.26,8
서초구,2511,이수역 6번출구 앞,서초구 방배동 438-35,37.483662,126.982323,2019.03.14,20
은평구,972,수색역,수색로 261,37.58218,126.894943,2019.06.14,20
마포구,440,하늘공원 입구,마포구 하늘공원로 108-2,37.570006,126.881149,2019.08.02,15
서초구,2265,2265. 이수고가차도 남단,서울특별시 서초구 동작대로 204 청남빌딩,37.49474335,126.9830627,2017-08-09 11:16,10
